<?xml version="1.0" encoding="UTF-8"?>
<extension type="package" method="upgrade">
	<name>Arabic nya-OW(العربية الموحدة)</name>
	<packagename>nya-OW</packagename>
	<version/>
	<creationDate>August 2021</creationDate>
	<author>Dr. Ashraf Damra</author>
	<authorEmail>dr.d.ashraf@gmail.com</authorEmail>
	<authorUrl>www.dr-ashraf.com</authorUrl>
	<copyright>Copyright (C) 2019 - 2021 Open Source Matters.</copyright>
	<license>https://www.gnu.org/licenses/gpl-2.0.html GNU/GPL</license>
	<url>https://github.com/joomla/joomla-cms</url>
	<packager>Dr. Ashraf Damra</packager>
	<packagerurl>www.dr-ashraf.com</packagerurl>
	<description><![CDATA[
        <div class="alert alert-info">
<h4 class="alert-heading" style="direction: rtl;">اللغة العربية</h4>
<div class="alert-message" style="direction: rtl;">تم تنصيب حزمة اللغة العربية لنظام ادارة محتوى المواقع جوملا، بالكود الموحد.</div>
</div>
        ]]></description>
	<blockChildUninstall>true</blockChildUninstall>
	<files>
		<folder type="language" client="site" id="nya-OW">language/ar-AA</folder>
		<folder type="language" client="administrator" id="nya-OW">administrator/language/ar-AA</folder>
		<folder type="language" client="api" id="nya-OW">api/language/ar-AA</folder>
	</files>
	<updateservers>
		<server type="collection" priority="1" name="Accredited Joomla! Translations">
			https://update.joomla.org/language/translationlist_4.xml
		</server>
	</updateservers>
</extension>
